scenario,format,codec,repeat,first_wire_bytes,raw_bytes,wire_bytes,serialize_us,compress_us,decompress_us,parse_us,server_us,server_p95_us,client_us,asset_wire_bytes
coast128,snapshot,raw,0,24336,24351.7,24351.7,39.3,9.7,0.8,117.0,49.0,50.2,117.8,0
coast128,snapshot,lz4-linked,0,10794,24351.7,5524.1,31.7,20.9,8.6,116.9,52.6,61.0,125.5,0
coast128,snapshot,zstd1-w20,0,8371,24351.7,2994.1,34.0,18.8,4.7,116.7,52.8,61.8,121.5,0
coast128,snapshot,zstd1-w23,0,8371,24351.7,2988.4,31.1,18.3,6.8,116.4,49.4,54.8,123.2,0
coast128,snapshot,zstd3-w20,0,8400,24351.7,2970.9,30.5,37.0,5.1,117.9,67.5,72.3,122.9,0
coast128,snapshot,zstd3-w23,0,8400,24351.7,2992.1,34.2,27.5,5.0,117.1,61.7,70.7,122.1,0
coast128,compact,zstd1-w23,0,8508,14480.7,2910.4,24.4,14.2,4.2,81.3,38.6,40.5,85.5,0
coast128,compact,zstd3-w23,0,8412,14480.7,2920.0,24.9,25.2,4.5,82.7,50.1,55.8,87.2,0
coast128,snapshot,zstd1-independent,0,8371,24351.7,8382.9,30.6,41.0,12.2,116.4,71.6,77.2,128.6,0
coast128,delta,raw,0,24352,3060.8,3060.8,11.5,0.1,0.1,13.1,11.6,11.9,13.2,0
coast128,delta,lz4-linked,0,10805,3060.8,2695.3,11.6,2.2,1.3,13.2,13.9,14.8,14.5,0
coast128,delta,zstd1-w23,0,8387,3060.8,2505.6,11.7,7.2,3.2,13.2,18.9,19.6,16.4,0
coast128,snapshot,zstd3-w20,1,8400,24351.7,2970.9,30.7,37.1,5.0,116.4,67.8,72.5,121.4,0
coast128,snapshot,zstd3-w23,1,8400,24351.7,2992.1,31.5,27.3,5.0,115.6,58.8,64.7,120.6,0
coast128,compact,zstd1-w23,1,8508,14480.7,2910.4,24.9,14.5,4.3,83.7,39.4,42.8,88.0,0
coast128,compact,zstd3-w23,1,8412,14480.7,2920.0,25.0,25.4,4.5,82.2,50.3,57.8,86.8,0
coast128,snapshot,zstd1-independent,1,8371,24351.7,8382.9,30.2,40.5,12.5,117.4,70.7,72.2,129.9,0
coast128,delta,raw,1,24352,3060.8,3060.8,11.5,0.1,0.1,13.1,11.6,11.9,13.2,0
coast128,delta,lz4-linked,1,10805,3060.8,2695.3,11.5,2.2,1.3,13.3,13.8,14.5,14.6,0
coast128,delta,zstd1-w23,1,8387,3060.8,2505.6,11.6,7.2,3.2,13.2,18.8,19.7,16.4,0
coast128,snapshot,raw,1,24336,24351.7,24351.7,30.1,1.5,0.4,117.8,31.7,31.4,118.2,0
coast128,snapshot,lz4-linked,1,10794,24351.7,5524.1,30.3,19.1,8.7,118.3,49.4,51.9,127.1,0
coast128,snapshot,zstd1-w20,1,8371,24351.7,2994.1,31.1,18.7,4.8,117.2,49.8,55.7,122.0,0
coast128,snapshot,zstd1-w23,1,8371,24351.7,2988.4,30.6,16.4,4.9,117.8,47.0,49.9,122.7,0
coast128,snapshot,zstd1-independent,2,8371,24351.7,8382.9,30.1,41.4,12.1,117.6,71.5,73.6,129.7,0
coast128,delta,raw,2,24352,3060.8,3060.8,11.6,0.1,0.1,13.2,11.7,12.0,13.3,0
coast128,delta,lz4-linked,2,10805,3060.8,2695.3,11.6,2.3,1.3,13.3,13.9,14.7,14.6,0
coast128,delta,zstd1-w23,2,8387,3060.8,2505.6,11.6,7.1,3.2,13.3,18.7,19.7,16.4,0
coast128,snapshot,raw,2,24336,24351.7,24351.7,30.2,1.8,0.5,116.7,32.0,31.2,117.2,0
coast128,snapshot,lz4-linked,2,10794,24351.7,5524.1,30.4,19.5,8.8,119.8,49.9,51.3,128.5,0
coast128,snapshot,zstd1-w20,2,8371,24351.7,2994.1,30.9,18.6,4.8,116.9,49.5,53.9,121.6,0
coast128,snapshot,zstd1-w23,2,8371,24351.7,2988.4,30.6,16.4,4.7,116.9,47.1,49.3,121.6,0
coast128,snapshot,zstd3-w20,2,8400,24351.7,2970.9,30.8,37.3,5.1,116.7,68.1,73.8,121.7,0
coast128,snapshot,zstd3-w23,2,8400,24351.7,2992.1,31.5,28.0,5.1,117.6,59.5,65.8,122.6,0
coast128,compact,zstd1-w23,2,8508,14480.7,2910.4,24.9,14.4,4.2,83.2,39.3,41.3,87.4,0
coast128,compact,zstd3-w23,2,8412,14480.7,2920.0,24.9,25.0,4.5,82.1,49.9,52.5,86.5,0
coast1024,snapshot,raw,0,192910,192925.7,192925.7,298.8,37.3,6.5,920.0,336.1,463.7,926.4,0
coast1024,snapshot,lz4-linked,0,83730,192925.7,83645.2,283.2,259.9,75.8,915.8,543.1,581.2,991.6,0
coast1024,snapshot,zstd1-w20,0,63261,192925.7,25298.8,299.8,136.9,38.5,918.4,436.7,539.3,956.9,0
coast1024,snapshot,zstd1-w23,0,63261,192925.7,25298.8,304.2,138.6,38.6,922.2,442.8,544.1,960.8,0
coast1024,snapshot,zstd3-w20,0,63978,192925.7,23594.5,300.1,285.6,39.3,919.2,585.7,613.9,958.5,0
coast1024,snapshot,zstd3-w23,0,63978,192925.7,23776.1,306.6,236.2,38.3,919.0,542.8,584.3,957.3,0
coast1024,compact,zstd1-w23,0,65569,114062.7,22726.8,227.1,101.4,30.4,641.2,328.5,341.5,671.6,0
coast1024,compact,zstd3-w23,0,64861,114062.7,22136.0,226.5,193.1,33.0,644.7,419.6,445.6,677.6,0
coast1024,snapshot,zstd1-independent,0,63261,192925.7,63541.0,247.2,366.5,81.7,916.2,613.6,676.5,997.9,0
coast1024,delta,raw,0,192926,21641.3,21641.3,82.9,15.7,0.8,97.0,98.6,98.8,97.8,0
coast1024,delta,lz4-linked,0,83727,21641.3,21373.6,84.4,15.1,9.3,96.5,99.5,103.7,105.8,0
coast1024,delta,zstd1-w23,0,63276,21641.3,19452.5,85.5,32.5,15.4,98.7,118.0,124.8,114.1,0
coast1024,snapshot,zstd3-w20,1,63978,192925.7,23594.5,296.0,293.5,38.9,920.3,589.6,627.0,959.2,0
coast1024,snapshot,zstd3-w23,1,63978,192925.7,23776.1,301.6,238.8,37.8,916.3,540.3,563.2,954.1,0
coast1024,compact,zstd1-w23,1,65569,114062.7,22726.8,227.0,104.9,31.3,646.1,331.9,364.5,677.4,0
coast1024,compact,zstd3-w23,1,64861,114062.7,22136.0,200.2,185.6,32.6,644.8,385.8,427.9,677.4,0
coast1024,snapshot,zstd1-independent,1,63261,192925.7,63541.0,248.0,371.3,81.4,914.5,619.3,692.9,995.9,0
coast1024,delta,raw,1,192926,21641.3,21641.3,83.2,11.8,0.9,98.0,95.0,95.0,98.8,0
coast1024,delta,lz4-linked,1,83727,21641.3,21373.6,84.0,14.7,9.3,96.5,98.7,103.2,105.9,0
coast1024,delta,zstd1-w23,1,63276,21641.3,19452.5,83.7,32.4,15.5,98.5,116.1,120.6,113.9,0
coast1024,snapshot,raw,1,192910,192925.7,192925.7,267.9,39.1,6.2,918.9,307.0,403.7,925.1,0
coast1024,snapshot,lz4-linked,1,83730,192925.7,83645.2,285.6,262.7,76.8,926.4,548.4,604.3,1003.1,0
coast1024,snapshot,zstd1-w20,1,63261,192925.7,25298.8,303.1,143.6,38.8,919.7,446.7,535.6,958.6,0
coast1024,snapshot,zstd1-w23,1,63261,192925.7,25298.8,301.7,136.8,38.5,924.2,438.5,541.0,962.7,0
coast1024,snapshot,zstd1-independent,2,63261,192925.7,63541.0,241.7,368.8,82.4,920.0,610.6,672.0,1002.5,0
coast1024,delta,raw,2,192926,21641.3,21641.3,88.4,12.0,0.8,98.4,100.4,154.5,99.2,0
coast1024,delta,lz4-linked,2,83727,21641.3,21373.6,83.7,14.7,9.5,98.3,98.4,103.0,107.7,0
coast1024,delta,zstd1-w23,2,63276,21641.3,19452.5,83.9,31.8,16.1,103.3,115.7,120.6,119.5,0
coast1024,snapshot,raw,2,192910,192925.7,192925.7,276.6,39.3,6.4,915.7,315.8,407.7,922.0,0
coast1024,snapshot,lz4-linked,2,83730,192925.7,83645.2,295.0,265.3,76.4,918.4,560.3,601.1,994.8,0
coast1024,snapshot,zstd1-w20,2,63261,192925.7,25298.8,300.7,143.5,38.9,919.8,444.2,520.7,958.7,0
coast1024,snapshot,zstd1-w23,2,63261,192925.7,25298.8,302.9,139.3,38.2,916.9,442.2,534.7,955.1,0
coast1024,snapshot,zstd3-w20,2,63978,192925.7,23594.5,304.9,303.3,39.7,926.8,608.2,662.7,966.4,0
coast1024,snapshot,zstd3-w23,2,63978,192925.7,23776.1,302.6,241.0,37.9,922.8,543.5,564.5,960.7,0
coast1024,compact,zstd1-w23,2,65569,114062.7,22726.8,226.8,105.0,30.7,635.1,331.8,365.9,665.9,0
coast1024,compact,zstd3-w23,2,64861,114062.7,22136.0,199.3,191.4,32.5,633.7,390.7,427.7,666.2,0
battle1024,snapshot,raw,0,205228,205380.6,205380.6,272.7,46.9,6.1,935.1,319.5,450.9,941.2,0
battle1024,snapshot,lz4-linked,0,107048,205380.6,107145.6,292.0,358.7,94.0,938.6,650.7,723.6,1032.6,0
battle1024,snapshot,zstd1-w20,0,83078,205380.6,55734.5,299.8,266.8,77.3,931.6,566.6,689.6,1008.9,0
battle1024,snapshot,zstd1-w23,0,83078,205380.6,55734.5,294.7,255.2,76.8,931.4,549.8,668.9,1008.1,0
battle1024,snapshot,zstd3-w20,0,82769,205380.6,51836.8,276.2,501.9,76.3,935.4,778.1,849.6,1011.7,0
battle1024,snapshot,zstd3-w23,0,82769,205380.6,51317.6,303.2,444.3,72.1,935.9,747.5,795.0,1007.9,0
battle1024,compact,zstd1-w23,0,87723,126517.6,51133.0,226.2,188.8,57.6,651.8,415.0,449.7,709.4,0
battle1024,compact,zstd3-w23,0,84530,126517.6,48127.4,225.6,385.3,62.0,651.9,610.9,663.9,713.9,0
battle1024,snapshot,zstd1-independent,0,83078,205380.6,82572.5,247.1,435.0,106.3,928.1,682.1,744.4,1034.3,0
battle1024,delta,raw,0,205244,45491.7,45491.7,117.4,15.9,1.2,134.7,133.3,176.5,135.9,0
battle1024,delta,lz4-linked,0,107047,45491.7,45252.6,110.7,37.3,20.7,133.5,148.0,154.6,154.2,0
battle1024,delta,zstd1-w23,0,83085,45491.7,41727.4,113.6,52.8,32.5,134.1,166.4,183.1,166.5,0
battle1024,snapshot,zstd3-w20,1,82769,205380.6,51836.8,291.0,494.5,76.0,940.3,785.5,849.8,1016.3,0
battle1024,snapshot,zstd3-w23,1,82769,205380.6,51317.6,301.6,453.0,72.8,934.2,754.6,804.1,1007.0,0
battle1024,compact,zstd1-w23,1,87723,126517.6,51133.0,223.2,186.0,57.0,648.0,409.2,450.3,705.0,0
battle1024,compact,zstd3-w23,1,84530,126517.6,48127.4,203.2,381.6,62.5,651.5,584.8,638.2,714.0,0
battle1024,snapshot,zstd1-independent,1,83078,205380.6,82572.5,249.5,387.7,107.0,931.8,637.2,709.8,1038.8,0
battle1024,delta,raw,1,205244,45491.7,45491.7,111.7,13.6,1.3,134.3,125.3,139.1,135.6,0
battle1024,delta,lz4-linked,1,107047,45491.7,45252.6,114.0,36.0,20.6,132.9,150.0,162.8,153.5,0
battle1024,delta,zstd1-w23,1,83085,45491.7,41727.4,112.7,51.4,32.7,134.9,164.1,186.1,167.6,0
battle1024,snapshot,raw,1,205228,205380.6,205380.6,274.1,43.3,5.8,934.1,317.4,405.5,939.9,0
battle1024,snapshot,lz4-linked,1,107048,205380.6,107145.6,269.9,341.1,93.5,936.1,610.9,675.0,1029.6,0
battle1024,snapshot,zstd1-w20,1,83078,205380.6,55734.5,304.6,262.7,78.2,932.9,567.3,671.1,1011.1,0
battle1024,snapshot,zstd1-w23,1,83078,205380.6,55734.5,300.2,262.9,76.5,934.9,563.1,673.4,1011.3,0
battle1024,snapshot,zstd1-independent,2,83078,205380.6,82572.5,244.6,439.1,107.1,930.1,683.6,747.3,1037.1,0
battle1024,delta,raw,2,205244,45491.7,45491.7,110.7,13.3,1.3,134.8,124.1,129.9,136.1,0
battle1024,delta,lz4-linked,2,107047,45491.7,45252.6,118.4,36.4,20.9,136.8,154.8,184.2,157.7,0
battle1024,delta,zstd1-w23,2,83085,45491.7,41727.4,112.0,52.8,32.7,134.1,164.8,173.9,166.9,0
battle1024,snapshot,raw,2,205228,205380.6,205380.6,283.9,44.2,6.1,941.1,328.1,414.9,947.2,0
battle1024,snapshot,lz4-linked,2,107048,205380.6,107145.6,277.4,342.6,93.1,936.1,619.9,679.8,1029.2,0
battle1024,snapshot,zstd1-w20,2,83078,205380.6,55734.5,306.2,263.5,77.4,936.5,569.7,681.1,1013.9,0
battle1024,snapshot,zstd1-w23,2,83078,205380.6,55734.5,302.1,263.6,76.6,931.9,565.7,682.6,1008.5,0
battle1024,snapshot,zstd3-w20,2,82769,205380.6,51836.8,305.4,510.9,75.6,935.6,816.3,871.8,1011.2,0
battle1024,snapshot,zstd3-w23,2,82769,205380.6,51317.6,302.6,450.6,72.3,934.3,753.3,806.8,1006.7,0
battle1024,compact,zstd1-w23,2,87723,126517.6,51133.0,223.7,190.2,57.2,647.2,413.9,457.5,704.5,0
battle1024,compact,zstd3-w23,2,84530,126517.6,48127.4,198.2,373.4,62.0,647.1,571.6,625.8,709.2,0
battle8192,snapshot,raw,0,1640826,1641138.7,1641138.7,2466.4,163.2,50.6,7445.8,2629.5,2720.0,7496.3,0
battle8192,snapshot,lz4-linked,0,853413,1641138.7,854628.3,2439.2,2658.5,749.8,7494.6,5097.7,5274.1,8244.4,0
battle8192,snapshot,zstd1-w20,0,654933,1641138.7,653634.9,2439.2,2582.2,837.4,7453.2,5021.4,5255.0,8290.6,0
battle8192,snapshot,zstd1-w23,0,654933,1641138.7,653621.5,2444.4,2628.1,844.1,7459.1,5072.5,5279.4,8303.2,0
battle8192,snapshot,zstd3-w20,0,657783,1641138.7,663284.0,2446.7,5408.0,889.4,7467.6,7854.7,8233.3,8357.1,0
battle8192,snapshot,zstd3-w23,0,657960,1641138.7,476065.6,2431.5,3976.4,678.8,7430.1,6407.9,6762.5,8108.9,0
battle8192,compact,zstd1-w23,0,684363,1010339.7,681253.6,1934.9,2350.5,714.3,5188.5,4285.4,4554.7,5902.8,0
battle8192,compact,zstd3-w23,0,675152,1010339.7,439666.0,1903.4,3634.4,563.8,5206.7,5537.8,5864.6,5770.6,0
battle8192,snapshot,zstd1-independent,0,654933,1641138.7,653340.3,2462.9,2572.0,839.3,7456.5,5034.9,5409.3,8295.7,0
battle8192,delta,raw,0,1640842,360452.8,360452.8,958.3,51.2,12.1,1068.4,1009.5,1164.3,1080.4,0
battle8192,delta,lz4-linked,0,853395,360452.8,359740.2,931.2,403.8,196.7,1061.5,1335.0,1464.6,1258.2,0
battle8192,delta,zstd1-w23,0,654764,360452.8,333022.2,948.9,370.6,254.2,1065.9,1319.5,1470.4,1320.1,0
battle8192,snapshot,zstd3-w20,1,657783,1641138.7,663284.0,2236.7,5819.9,878.1,7368.1,8056.5,8574.8,8246.2,0
battle8192,snapshot,zstd3-w23,1,657960,1641138.7,476065.6,2224.4,4306.7,671.8,7381.3,6531.1,7038.6,8053.1,0
battle8192,compact,zstd1-w23,1,684363,1010339.7,681253.6,1903.7,2342.5,706.1,5172.2,4246.3,4466.7,5878.3,0
battle8192,compact,zstd3-w23,1,675152,1010339.7,439666.0,1888.6,3656.5,561.2,5194.8,5545.1,5817.7,5756.0,0
battle8192,snapshot,zstd1-independent,1,654933,1641138.7,653340.3,2223.6,2592.5,834.7,7439.3,4816.0,5248.8,8274.0,0
battle8192,delta,raw,1,1640842,360452.8,360452.8,966.6,52.9,12.2,1082.6,1019.4,1145.5,1094.8,0
battle8192,delta,lz4-linked,1,853395,360452.8,359740.2,954.8,412.8,198.1,1073.2,1367.6,1509.4,1271.3,0
battle8192,delta,zstd1-w23,1,654764,360452.8,333022.2,993.2,390.6,260.8,1106.9,1383.8,1767.1,1367.7,0
battle8192,snapshot,raw,1,1640826,1641138.7,1641138.7,2494.2,260.3,59.0,7618.2,2754.5,3097.9,7677.2,0
battle8192,snapshot,lz4-linked,1,853413,1641138.7,854628.3,2466.4,2672.8,755.3,7545.5,5139.2,5314.7,8300.8,0
battle8192,snapshot,zstd1-w20,1,654933,1641138.7,653634.9,2487.5,2622.7,844.9,7534.3,5110.2,5457.0,8379.2,0
battle8192,snapshot,zstd1-w23,1,654933,1641138.7,653621.5,2369.8,2806.7,875.5,7631.8,5176.5,5716.5,8507.2,0
battle8192,snapshot,zstd1-independent,2,654933,1641138.7,653340.3,2482.7,2574.9,846.6,7481.6,5057.6,5289.8,8328.2,0
battle8192,delta,raw,2,1640842,360452.8,360452.8,960.5,53.9,12.2,1075.7,1014.4,1143.1,1087.8,0
battle8192,delta,lz4-linked,2,853395,360452.8,359740.2,951.0,408.0,197.4,1071.7,1359.1,1507.3,1269.1,0
battle8192,delta,zstd1-w23,2,654764,360452.8,333022.2,957.2,372.8,256.9,1071.8,1329.9,1486.0,1328.7,0
battle8192,snapshot,raw,2,1640826,1641138.7,1641138.7,2485.3,306.6,53.7,7486.3,2791.9,3096.9,7540.0,0
battle8192,snapshot,lz4-linked,2,853413,1641138.7,854628.3,2504.9,2752.9,760.9,7560.2,5257.8,5959.9,8321.1,0
battle8192,snapshot,zstd1-w20,2,654933,1641138.7,653634.9,2690.8,3011.0,966.0,8052.1,5701.8,8435.2,9018.1,0
battle8192,snapshot,zstd1-w23,2,654933,1641138.7,653621.5,2375.1,2797.6,850.1,7531.6,5172.7,5465.7,8381.7,0
battle8192,snapshot,zstd3-w20,2,657783,1641138.7,663284.0,2481.7,5890.4,906.9,7578.3,8372.2,8735.4,8485.2,0
battle8192,snapshot,zstd3-w23,2,657960,1641138.7,476065.6,2468.7,4171.6,690.9,7476.1,6640.3,6916.2,8167.0,0
battle8192,compact,zstd1-w23,2,684363,1010339.7,681253.6,1920.8,2383.5,715.3,5225.8,4304.3,4493.8,5941.0,0
battle8192,compact,zstd3-w23,2,675152,1010339.7,439666.0,1900.8,3703.6,580.9,5286.1,5604.4,5833.8,5867.0,0
battle1024-assets,snapshot,raw,0,205228,205380.6,205380.6,250.6,33.8,7.2,953.6,284.5,315.5,960.7,4194304
battle1024-assets,snapshot,lz4-linked,0,107048,205380.6,107161.2,252.5,354.7,96.0,948.2,607.2,681.4,1044.2,4194816
battle1024-assets,snapshot,zstd1-w20,0,83078,205380.6,56056.1,253.9,251.4,78.0,940.4,505.3,601.0,1018.4,4194400
battle1024-assets,snapshot,zstd1-w23,0,83078,205380.6,56056.2,255.0,248.5,77.8,931.8,503.4,595.0,1009.6,4194400
battle1024-assets,snapshot,zstd3-w20,0,82769,205380.6,51991.4,254.5,522.9,75.4,933.4,777.4,829.3,1008.8,4194496
battle1024-assets,snapshot,zstd3-w23,0,82769,205380.6,51342.1,247.6,453.9,73.2,942.4,701.5,743.1,1015.6,4194496
battle1024-assets,compact,zstd1-w23,0,87723,126517.6,51145.5,197.8,179.7,55.7,654.0,377.5,396.5,709.7,4194400
battle1024-assets,compact,zstd3-w23,0,84530,126517.6,48130.7,198.9,388.3,59.3,658.0,587.3,620.3,717.2,4194496
battle1024-assets,snapshot,zstd1-independent,0,83078,205380.6,82572.5,245.0,359.3,107.9,942.8,604.3,618.5,1050.7,4194544
battle1024-assets,delta,raw,0,205244,45491.7,45491.7,111.1,4.8,1.4,135.1,115.9,120.3,136.5,4194304
battle1024-assets,delta,lz4-linked,0,107047,45491.7,45264.7,114.5,40.8,20.8,135.7,155.3,163.1,156.5,4194816
battle1024-assets,delta,zstd1-w23,0,83085,45491.7,41728.6,112.5,51.6,31.7,137.0,164.1,171.2,168.7,4194400
battle1024-assets,snapshot,zstd3-w20,1,82769,205380.6,51991.4,258.3,525.2,76.3,945.6,783.5,831.9,1022.0,4194496
battle1024-assets,snapshot,zstd3-w23,1,82769,205380.6,51342.1,256.3,448.6,75.7,953.4,704.9,738.6,1029.1,4194496
battle1024-assets,compact,zstd1-w23,1,87723,126517.6,51145.5,201.0,179.8,56.2,656.9,380.8,405.5,713.2,4194400
battle1024-assets,compact,zstd3-w23,1,84530,126517.6,48130.7,199.9,392.5,59.9,655.3,592.4,632.5,715.2,4194496
battle1024-assets,snapshot,zstd1-independent,1,83078,205380.6,82572.5,249.1,358.1,108.8,942.0,607.2,625.0,1050.8,4194544
battle1024-assets,delta,raw,1,205244,45491.7,45491.7,111.1,4.1,1.4,134.3,115.2,119.3,135.7,4194304
battle1024-assets,delta,lz4-linked,1,107047,45491.7,45264.7,112.0,42.8,20.8,135.4,154.9,162.7,156.2,4194816
battle1024-assets,delta,zstd1-w23,1,83085,45491.7,41728.6,112.4,58.5,31.5,135.2,170.8,174.0,166.7,4194400
battle1024-assets,snapshot,raw,1,205228,205380.6,205380.6,254.3,25.2,7.0,939.3,279.4,277.0,946.3,4194304
battle1024-assets,snapshot,lz4-linked,1,107048,205380.6,107161.2,253.3,349.3,94.3,943.5,602.5,599.4,1037.7,4194816
battle1024-assets,snapshot,zstd1-w20,1,83078,205380.6,56056.1,248.6,248.8,78.2,937.8,497.4,599.0,1016.1,4194400
battle1024-assets,snapshot,zstd1-w23,1,83078,205380.6,56056.2,249.1,249.9,76.9,933.4,499.0,592.9,1010.3,4194400
battle1024-assets,snapshot,zstd1-independent,2,83078,205380.6,82572.5,245.2,359.0,109.1,937.8,604.2,630.9,1046.9,4194544
battle1024-assets,delta,raw,2,205244,45491.7,45491.7,112.9,4.8,1.4,136.1,117.7,122.9,137.5,4194304
battle1024-assets,delta,lz4-linked,2,107047,45491.7,45264.7,112.3,42.7,20.9,135.6,155.0,160.6,156.5,4194816
battle1024-assets,delta,zstd1-w23,2,83085,45491.7,41728.6,113.4,57.4,31.6,135.8,170.9,181.2,167.4,4194400
battle1024-assets,snapshot,raw,2,205228,205380.6,205380.6,255.8,27.0,7.0,933.2,282.7,275.3,940.2,4194304
battle1024-assets,snapshot,lz4-linked,2,107048,205380.6,107161.2,256.2,347.8,94.9,937.3,603.9,604.1,1032.2,4194816
battle1024-assets,snapshot,zstd1-w20,2,83078,205380.6,56056.1,246.3,251.8,77.6,939.2,498.1,600.8,1016.9,4194400
battle1024-assets,snapshot,zstd1-w23,2,83078,205380.6,56056.2,246.8,251.4,77.0,950.5,498.2,595.2,1027.5,4194400
battle1024-assets,snapshot,zstd3-w20,2,82769,205380.6,51991.4,246.1,518.4,74.9,934.8,764.5,809.6,1009.6,4194496
battle1024-assets,snapshot,zstd3-w23,2,82769,205380.6,51342.1,251.1,480.5,72.3,942.0,731.6,835.5,1014.3,4194496
battle1024-assets,compact,zstd1-w23,2,87723,126517.6,51145.5,199.9,183.9,55.9,653.2,383.8,409.0,709.0,4194400
battle1024-assets,compact,zstd3-w23,2,84530,126517.6,48130.7,198.5,404.3,59.4,648.5,602.8,636.8,707.9,4194496
