scenario,codec,trials,raw_bytes,wire_bytes,asset_wire_bytes_per_tick,serialize_us,compress_cpu_us,asset_cpu_us_per_tick,compress_wall_p95_us,encoder_bytes,main_mbps,total_mbps,server_us,cores_per_1000_clients,encoder_gib_per_1000_clients
coast128,lz4-linked,3,17909.0,4402.5,0.0,7.441,10.163,0.0,11.85,0.0,0.3522,0.3522,17.604,0.17604,
coast128,zstd-1-w16,3,17909.0,2924.9,0.0,7.441,15.193,0.0,18.12,632121.0,0.233992,0.233992,22.634,0.22634,0.5887085571885109
coast128,zstd-1-w18,3,17909.0,2925.4,0.0,7.441,12.321,0.0,13.791,1205785.0,0.234032,0.234032,19.762,0.19762000000000002,1.1229747906327248
coast128,zstd-1-w20,3,17909.0,2925.4,0.0,7.441,12.233,0.0,13.5,1992217.0,0.234032,0.234032,19.674,0.19674,1.8553966656327248
coast128,zstd-1-w22,3,17909.0,2925.4,0.0,7.441,12.344,0.0,13.6,5137945.0,0.234032,0.234032,19.785,0.19785,4.785084165632725
coast128,zstd-1-w23,3,17909.0,2925.4,0.0,7.441,12.29,0.0,13.55,9332249.0,0.234032,0.234032,19.730999999999998,0.19730999999999999,8.691334165632725
coast128,zstd-1-w24,3,17909.0,2925.4,0.0,7.441,12.845,0.0,15.0,17720857.0,0.234032,0.234032,20.286,0.20286,16.503834165632725
coast128,zstd1-w16,3,17909.0,2887.1,0.0,7.441,20.785,0.0,24.01,664889.0,0.230968,0.230968,28.226,0.28226,0.6192261353135109
coast128,zstd1-w18,3,17909.0,2913.8,0.0,7.441,18.915,0.0,20.61,1238553.0,0.233104,0.233104,26.355999999999998,0.26355999999999996,1.1534923687577248
coast128,zstd1-w20,3,17909.0,2913.8,0.0,7.441,18.706,0.0,21.49,2024985.0,0.233104,0.233104,26.147,0.26147,1.8859142437577248
coast128,zstd1-w22,3,17909.0,2913.8,0.0,7.441,18.343,0.0,20.24,5170713.0,0.233104,0.233104,25.784,0.25784,4.815601743757725
coast128,zstd1-w23,3,17909.0,2913.8,0.0,7.441,18.206,0.0,19.72,9365017.0,0.233104,0.233104,25.647,0.25647,8.721851743757725
coast128,zstd1-w24,3,17909.0,2913.8,0.0,7.441,18.706,0.0,21.58,17753625.0,0.233104,0.233104,26.147,0.26147,16.534351743757725
coast128,zstd3-w16,3,17909.0,2911.7,0.0,7.441,26.969,0.0,30.35,1385785.0,0.232936,0.232936,34.410000000000004,0.3441,1.290612854063511
coast128,zstd3-w18,3,17909.0,2912.4,0.0,7.441,39.0,0.0,42.271,1959449.0,0.232992,0.232992,46.441,0.46441000000000004,1.8248790875077248
coast128,zstd3-w20,3,17909.0,2912.5,0.0,7.441,36.055,0.0,40.67,2745881.0,0.233,0.233,43.496,0.43496,2.5573009625077248
coast128,zstd3-w22,3,17909.0,2912.5,0.0,7.441,31.822,0.0,36.79,5891609.0,0.233,0.233,39.263,0.39263,5.486988462507725
coast128,zstd3-w23,3,17909.0,2912.5,0.0,7.441,31.855,0.0,35.14,10085913.0,0.233,0.233,39.296,0.39296,9.393238462507725
coast128,zstd3-w24,3,17909.0,2912.5,0.0,7.441,32.287,0.0,37.041,18474521.0,0.233,0.233,39.728,0.39728,17.205738462507725
coast128,zstd3-w23-ldm,3,17909.0,3063.7,0.0,7.441,60.518,0.0,64.851,10638873.0,0.245096,0.245096,67.959,0.67959,9.9082225933671
coast128,zstd3-w24-ldm,3,17909.0,3059.1,0.0,7.441,60.526,0.0,64.471,19555865.0,0.244728,0.244728,67.967,0.67967,18.212818540632725
coast1024,lz4-linked,3,141540.5,70308.5,0.0,44.831,147.271,0.0,155.591,0.0,5.62468,5.62468,192.10199999999998,1.9210199999999997,
coast1024,zstd-1-w16,3,141540.5,62890.8,0.0,44.831,135.5,0.0,144.781,632121.0,5.031264,5.031264,180.33100000000002,1.8033100000000002,0.5887085571885109
coast1024,zstd-1-w18,3,141540.5,23122.8,0.0,44.831,71.882,0.0,84.281,1205785.0,1.849824,1.849824,116.71300000000001,1.16713,1.1229747906327248
coast1024,zstd-1-w20,3,141540.5,23122.8,0.0,44.831,75.418,0.0,83.711,1992217.0,1.849824,1.849824,120.24900000000001,1.20249,1.8553966656327248
coast1024,zstd-1-w22,3,141540.5,23122.8,0.0,44.831,76.467,0.0,83.031,5137945.0,1.849824,1.849824,121.298,1.21298,4.785084165632725
coast1024,zstd-1-w23,3,141540.5,23122.8,0.0,44.831,78.953,0.0,87.801,9332249.0,1.849824,1.849824,123.784,1.23784,8.691334165632725
coast1024,zstd-1-w24,3,141540.5,23122.8,0.0,44.831,81.049,0.0,90.251,17720857.0,1.849824,1.849824,125.88000000000001,1.2588000000000001,16.503834165632725
coast1024,zstd1-w16,3,141540.5,61879.9,0.0,44.831,184.973,0.0,194.432,664889.0,4.950392,4.950392,229.80400000000003,2.2980400000000003,0.6192261353135109
coast1024,zstd1-w18,3,141540.5,22554.3,0.0,44.831,103.714,0.0,123.761,1238553.0,1.804344,1.804344,148.54500000000002,1.4854500000000002,1.1534923687577248
coast1024,zstd1-w20,3,141540.5,22554.3,0.0,44.831,105.592,0.0,114.781,2024985.0,1.804344,1.804344,150.423,1.50423,1.8859142437577248
coast1024,zstd1-w22,3,141540.5,22554.3,0.0,44.831,104.483,0.0,111.791,5170713.0,1.804344,1.804344,149.31400000000002,1.4931400000000001,4.815601743757725
coast1024,zstd1-w23,3,141540.5,22554.3,0.0,44.831,105.907,0.0,116.191,9365017.0,1.804344,1.804344,150.738,1.50738,8.721851743757725
coast1024,zstd1-w24,3,141540.5,22554.3,0.0,44.831,107.396,0.0,115.481,17753625.0,1.804344,1.804344,152.227,1.52227,16.534351743757725
coast1024,zstd3-w16,3,141540.5,62047.2,0.0,44.831,332.229,0.0,355.473,1385785.0,4.963776,4.963776,377.06,3.7706,1.290612854063511
coast1024,zstd3-w18,3,141540.5,24091.6,0.0,44.831,231.041,0.0,312.373,1959449.0,1.927328,1.927328,275.872,2.7587200000000003,1.8248790875077248
coast1024,zstd3-w20,3,141540.5,22498.2,0.0,44.831,245.046,0.0,273.843,2745881.0,1.799856,1.799856,289.877,2.8987700000000003,2.5573009625077248
coast1024,zstd3-w22,3,141540.5,22498.7,0.0,44.831,222.072,0.0,243.752,5891609.0,1.799896,1.799896,266.903,2.6690300000000002,5.486988462507725
coast1024,zstd3-w23,3,141540.5,22498.7,0.0,44.831,234.563,0.0,248.122,10085913.0,1.799896,1.799896,279.394,2.79394,9.393238462507725
coast1024,zstd3-w24,3,141540.5,22498.7,0.0,44.831,228.329,0.0,247.703,18474521.0,1.799896,1.799896,273.16,2.7316000000000003,17.205738462507725
coast1024,zstd3-w23-ldm,3,141540.5,23680.6,0.0,44.831,425.682,0.0,448.074,10638873.0,1.894448,1.894448,470.51300000000003,4.7051300000000005,9.9082225933671
coast1024,zstd3-w24-ldm,3,141540.5,23695.8,0.0,44.831,459.182,0.0,479.264,19555865.0,1.895664,1.895664,504.01300000000003,5.04013,18.212818540632725
battle1024,lz4-linked,3,141716.5,88310.0,0.0,44.451,174.729,0.0,184.791,0.0,7.0648,7.0648,219.18,2.1918,
battle1024,zstd-1-w16,3,141716.5,80691.5,0.0,44.451,161.185,0.0,167.322,632121.0,6.45532,6.45532,205.636,2.0563599999999997,0.5887085571885109
battle1024,zstd-1-w18,3,141716.5,53787.6,0.0,44.451,133.637,0.0,188.762,1205785.0,4.303008,4.303008,178.088,1.78088,1.1229747906327248
battle1024,zstd-1-w20,3,141716.5,53787.6,0.0,44.451,141.587,0.0,210.852,1992217.0,4.303008,4.303008,186.03799999999998,1.86038,1.8553966656327248
battle1024,zstd-1-w22,3,141716.5,53787.6,0.0,44.451,144.071,0.0,210.702,5137945.0,4.303008,4.303008,188.522,1.88522,4.785084165632725
battle1024,zstd-1-w23,3,141716.5,53787.6,0.0,44.451,147.333,0.0,212.892,9332249.0,4.303008,4.303008,191.784,1.91784,8.691334165632725
battle1024,zstd-1-w24,3,141716.5,53787.6,0.0,44.451,149.353,0.0,214.312,17720857.0,4.303008,4.303008,193.804,1.93804,16.503834165632725
battle1024,zstd1-w16,3,141716.5,79503.3,0.0,44.451,223.292,0.0,232.732,664889.0,6.360264,6.360264,267.743,2.6774299999999998,0.6192261353135109
battle1024,zstd1-w18,3,141716.5,49435.8,0.0,44.451,166.193,0.0,188.361,1238553.0,3.954864,3.954864,210.644,2.10644,1.1534923687577248
battle1024,zstd1-w20,3,141716.5,49435.8,0.0,44.451,175.148,0.0,187.662,2024985.0,3.954864,3.954864,219.599,2.19599,1.8859142437577248
battle1024,zstd1-w22,3,141716.5,49435.8,0.0,44.451,178.309,0.0,188.932,5170713.0,3.954864,3.954864,222.76,2.2276,4.815601743757725
battle1024,zstd1-w23,3,141716.5,49435.8,0.0,44.451,180.097,0.0,190.602,9365017.0,3.954864,3.954864,224.548,2.24548,8.721851743757725
battle1024,zstd1-w24,3,141716.5,49435.8,0.0,44.451,181.38,0.0,191.802,17753625.0,3.954864,3.954864,225.831,2.25831,16.534351743757725
battle1024,zstd3-w16,3,141716.5,79758.7,0.0,44.451,412.46,0.0,440.324,1385785.0,6.380696,6.380696,456.911,4.56911,1.290612854063511
battle1024,zstd3-w18,3,141716.5,51036.7,0.0,44.451,470.562,0.0,638.596,1959449.0,4.082936,4.082936,515.013,5.150130000000001,1.8248790875077248
battle1024,zstd3-w20,3,141716.5,49342.9,0.0,44.451,418.556,0.0,445.825,2745881.0,3.947432,3.947432,463.007,4.63007,2.5573009625077248
battle1024,zstd3-w22,3,141716.5,49345.3,0.0,44.451,401.185,0.0,427.394,5891609.0,3.947624,3.947624,445.636,4.45636,5.486988462507725
battle1024,zstd3-w23,3,141716.5,49345.0,0.0,44.451,402.668,0.0,427.354,10085913.0,3.9476,3.9476,447.119,4.47119,9.393238462507725
battle1024,zstd3-w24,3,141716.5,49345.0,0.0,44.451,403.315,0.0,421.754,18474521.0,3.9476,3.9476,447.766,4.47766,17.205738462507725
battle1024,zstd3-w23-ldm,3,141716.5,50367.6,0.0,44.451,574.251,0.0,603.026,10638873.0,4.029408,4.029408,618.702,6.18702,9.9082225933671
battle1024,zstd3-w24-ldm,3,141716.5,50392.5,0.0,44.451,574.184,0.0,608.026,19555865.0,4.0314,4.0314,618.635,6.18635,18.212818540632725
battle8192,lz4-linked,3,1130899.9,704632.4,0.0,295.015,1395.616,0.0,1430.624,0.0,56.370592,56.370592,1690.6309999999999,16.906309999999998,
battle8192,zstd-1-w16,3,1130899.9,642294.3,0.0,295.015,1270.76,0.0,1308.442,1549625.0,51.383544,51.383544,1565.775,15.65775,1.443200744688511
battle8192,zstd-1-w18,3,1130899.9,643894.8,0.0,295.015,1412.618,0.0,1449.593,2123289.0,51.511584,51.511584,1707.6329999999998,17.07633,1.9774669781327248
battle8192,zstd-1-w20,3,1130899.9,643894.4,0.0,295.015,1556.21,0.0,1600.545,2909721.0,51.511552,51.511552,1851.225,18.512249999999998,2.7098888531327248
battle8192,zstd-1-w22,6,1130899.9,643894.5,0.0,323.75199999999995,1684.919,0.0,1821.147,6055449.0,51.51156,51.51156,2008.671,20.08671,5.639576353132725
battle8192,zstd-1-w23,3,1130899.9,643894.4,0.0,295.015,1657.348,0.0,1722.786,10249753.0,51.511552,51.511552,1952.3629999999998,19.523629999999997,9.545826353132725
battle8192,zstd-1-w24,3,1130899.9,643894.4,0.0,295.015,1673.391,0.0,1714.426,18638361.0,51.511552,51.511552,1968.406,19.68406,17.358326353132725
battle8192,zstd1-w16,3,1130899.9,633671.9,0.0,295.015,1703.431,0.0,1739.677,1582393.0,50.693752,50.693752,1998.446,19.98446,1.473718322813511
battle8192,zstd1-w18,3,1130899.9,636270.8,0.0,295.015,1906.914,0.0,1949.438,2156057.0,50.901664,50.901664,2201.929,22.01929,2.0079845562577248
battle8192,zstd1-w20,3,1130899.9,636278.1,0.0,295.015,2041.444,0.0,2077.249,2942489.0,50.902248,50.902248,2336.459,23.36459,2.7404064312577248
battle8192,zstd1-w22,6,1130899.9,636278.1,0.0,323.75199999999995,2155.441,0.0,2269.2865,6088217.0,50.902248,50.902248,2479.1929999999998,24.791929999999997,5.670093931257725
battle8192,zstd1-w23,3,1130899.9,636278.1,0.0,295.015,2108.797,0.0,2184.18,10282521.0,50.902248,50.902248,2403.812,24.03812,9.576343931257725
battle8192,zstd1-w24,3,1130899.9,636278.1,0.0,295.015,2118.44,0.0,2157.75,18671129.0,50.902248,50.902248,2413.455,24.13455,17.388843931257725
battle8192,zstd3-w16,3,1130899.9,635900.1,0.0,295.015,3124.73,0.0,3194.79,2303289.0,50.872008,50.872008,3419.745,34.197449999999996,2.145105041563511
battle8192,zstd3-w18,3,1130899.9,640387.5,0.0,295.015,4851.407,0.0,4991.857,2876953.0,51.231,51.231,5146.4220000000005,51.464220000000005,2.6793712750077248
battle8192,zstd3-w20,3,1130899.9,641990.4,0.0,295.015,4931.512,0.0,5035.737,3663385.0,51.359232,51.359232,5226.527,52.26527,3.4117931500077248
battle8192,zstd3-w22,6,1130899.9,395187.3,0.0,323.75199999999995,3439.6295,0.0,3643.6589999999997,6809113.0,31.614984,31.614984,3763.3815,37.633815,6.341480650007725
battle8192,zstd3-w23,3,1130899.9,395194.4,0.0,295.015,3156.192,0.0,3248.05,11003417.0,31.615552,31.615552,3451.207,34.51207,10.247730650007725
battle8192,zstd3-w24,3,1130899.9,395187.0,0.0,295.015,3174.967,0.0,3290.591,19392025.0,31.61496,31.61496,3469.982,34.69982,18.060230650007725
battle8192,zstd3-w23-ldm,3,1130899.9,402032.8,0.0,295.015,4265.077,0.0,4477.053,11556377.0,32.162624,32.162624,4560.092000000001,45.60092,10.7627147808671
battle8192,zstd3-w24-ldm,3,1130899.9,402815.0,0.0,295.015,4442.338,0.0,4582.283,20473369.0,32.2252,32.2252,4737.353,47.37353,19.067310728132725
battle1024-assets,lz4-linked,3,141716.5,88315.1,26216.0,44.771,174.686,6.124,184.091,0.0,7.065208,9.162488,225.581,2.25581,
battle1024-assets,zstd-1-w16,3,141716.5,80691.5,26215.6,44.771,162.914,3.543,169.242,1025337.0,6.45532,8.552568,211.228,2.11228,0.9549194946885109
battle1024-assets,zstd-1-w18,3,141716.5,55606.2,26215.0,44.771,140.919,3.832,248.152,1599001.0,4.448496,6.545696,189.522,1.89522,1.4891857281327248
battle1024-assets,zstd-1-w20,3,141716.5,53818.5,26215.0,44.771,143.481,4.062,209.952,2385433.0,4.30548,6.40268,192.31400000000002,1.9231400000000003,2.2216076031327248
battle1024-assets,zstd-1-w22,3,141716.5,53818.5,26215.0,44.771,146.246,4.111,211.192,5531161.0,4.30548,6.40268,195.128,1.95128,5.151295103132725
battle1024-assets,zstd-1-w23,3,141716.5,53818.5,26215.0,44.771,148.599,4.421,213.532,9725465.0,4.30548,6.40268,197.791,1.97791,9.057545103132725
battle1024-assets,zstd-1-w24,3,141716.5,53818.5,26215.0,44.771,149.292,4.611,213.832,18114073.0,4.30548,6.40268,198.67399999999998,1.9867399999999997,16.870045103132725
battle1024-assets,zstd1-w16,3,141716.5,79503.3,26215.6,44.771,222.371,4.715,233.362,1058105.0,6.360264,8.457512,271.85699999999997,2.7185699999999997,0.9854370728135109
battle1024-assets,zstd1-w18,3,141716.5,52378.4,26215.0,44.771,182.026,4.405,337.164,1631769.0,4.190272,6.287472,231.20200000000003,2.3120200000000004,1.5197033062577248
battle1024-assets,zstd1-w20,3,141716.5,49447.3,26215.0,44.771,176.684,4.515,190.702,2418201.0,3.955784,6.052984,225.96999999999997,2.2596999999999996,2.2521251812577248
battle1024-assets,zstd1-w22,3,141716.5,49447.3,26215.0,44.771,178.645,4.549,191.492,5563929.0,3.955784,6.052984,227.965,2.27965,5.181812681257725
battle1024-assets,zstd1-w23,3,141716.5,49447.3,26215.0,44.771,179.288,4.853,191.072,9758233.0,3.955784,6.052984,228.91200000000003,2.2891200000000005,9.088062681257725
battle1024-assets,zstd1-w24,3,141716.5,49447.3,26215.0,44.771,181.383,5.231,192.792,18146841.0,3.955784,6.052984,231.385,2.31385,16.900562681257725
battle1024-assets,zstd3-w16,3,141716.5,79758.7,26215.6,44.771,413.87,5.805,444.305,1779001.0,6.380696,8.477944,464.446,4.6444600000000005,1.656823791563511
battle1024-assets,zstd3-w18,3,141716.5,53848.3,26215.6,44.771,488.213,8.228,829.358,2352665.0,4.307864,6.405112,541.212,5.41212,2.1910900250077248
battle1024-assets,zstd3-w20,3,141716.5,49345.0,26215.6,44.771,429.262,7.844,462.625,3139097.0,3.9476,6.044848,481.877,4.81877,2.9235119000077248
battle1024-assets,zstd3-w22,3,141716.5,49346.7,26215.6,44.771,420.839,7.796,462.164,6284825.0,3.947736,6.0449839999999995,473.406,4.73406,5.853199400007725
battle1024-assets,zstd3-w23,3,141716.5,49346.7,26215.6,44.771,405.894,7.752,444.984,10479129.0,3.947736,6.0449839999999995,458.41700000000003,4.58417,9.759449400007725
battle1024-assets,zstd3-w24,3,141716.5,49346.7,26215.6,44.771,422.876,8.186,463.565,18867737.0,3.947736,6.0449839999999995,475.83299999999997,4.75833,17.571949400007725
battle1024-assets,zstd3-w23-ldm,3,141716.5,50371.4,26215.6,44.771,581.475,19.181,630.016,11032089.0,4.029712,6.12696,645.427,6.45427,10.2744335308671
battle1024-assets,zstd3-w24-ldm,3,141716.5,50398.2,26215.6,44.771,579.135,19.294,609.236,19949081.0,4.031856,6.129103999999999,643.1999999999999,6.4319999999999995,18.579029478132725
coast128,zstd-1-w21,3,17909.0,2925.4,0.0,7.561,12.799,0.0,15.931,3040793.0,0.234032,0.234032,20.36,0.2036,2.8319591656327248
coast128,zstd1-w21,3,17909.0,2913.8,0.0,7.561,19.487,0.0,21.37,3073561.0,0.233104,0.233104,27.048,0.27048,2.8624767437577248
coast128,zstd3-w21,3,17909.0,2912.5,0.0,7.561,34.181,0.0,37.05,3794457.0,0.233,0.233,41.742,0.41741999999999996,3.5338634625077248
coast1024,zstd-1-w21,3,141540.5,23122.8,0.0,46.56,78.896,0.0,91.051,3040793.0,1.849824,1.849824,125.456,1.2545600000000001,2.8319591656327248
coast1024,zstd1-w21,3,141540.5,22554.3,0.0,46.56,106.412,0.0,115.561,3073561.0,1.804344,1.804344,152.972,1.5297200000000002,2.8624767437577248
coast1024,zstd3-w21,3,141540.5,22498.7,0.0,46.56,223.803,0.0,249.263,3794457.0,1.799896,1.799896,270.363,2.70363,3.5338634625077248
battle1024,zstd-1-w21,3,141716.5,53787.6,0.0,48.178,148.802,0.0,215.882,3040793.0,4.303008,4.303008,196.98,1.9698,2.8319591656327248
battle1024,zstd1-w21,3,141716.5,49435.8,0.0,48.178,182.469,0.0,206.151,3073561.0,3.954864,3.954864,230.647,2.30647,2.8624767437577248
battle1024,zstd3-w21,3,141716.5,49345.2,0.0,48.178,440.346,0.0,506.794,3794457.0,3.947616,3.947616,488.524,4.88524,3.5338634625077248
battle8192,zstd-1-w21,6,1130899.9,643894.5,0.0,327.4655,1729.0155,0.0,2006.9235,3958297.0,51.51156,51.51156,2056.4809999999998,20.564809999999998,3.6864513531327248
battle8192,zstd1-w21,6,1130899.9,636278.1,0.0,327.4655,2297.157,0.0,2928.7525,3991065.0,50.902248,50.902248,2624.6225000000004,26.246225000000003,3.7169689312577248
battle8192,zstd3-w21,6,1130899.9,395210.6,0.0,327.4655,3728.1155,0.0,4093.2480000000005,4711961.0,31.616848,31.616848,4055.581,40.55581,4.388355650007725
battle1024-assets,zstd-1-w21,3,141716.5,53818.5,26215.0,40.65,160.245,4.763,230.142,3434009.0,4.30548,6.40268,205.65800000000002,2.0565800000000003,3.1981701031327248
battle1024-assets,zstd1-w21,3,141716.5,49447.3,26215.0,40.65,185.13,5.189,231.322,3466777.0,3.955784,6.052984,230.969,2.30969,3.2286876812577248
battle1024-assets,zstd3-w21,3,141716.5,49346.2,26215.6,40.65,466.453,9.318,514.634,4187673.0,3.947696,6.044943999999999,516.4209999999999,5.16421,3.9000744000077248
