scenario,codec,repeat,raw_bytes,wire_bytes,asset_wire_bytes_per_tick,serialize_us,compress_cpu_us,asset_cpu_us_per_tick,compress_wall_p95_us,encoder_bytes
coast128,lz4-linked,0,17909.0,4402.5,0.0,7.441,10.072,0.000,11.630,0
coast128,zstd-1-w16,0,17909.0,2924.9,0.0,7.441,15.314,0.000,18.971,632121
coast128,zstd-1-w18,0,17909.0,2925.4,0.0,7.441,12.321,0.000,13.791,1205785
coast128,zstd-1-w20,0,17909.0,2925.4,0.0,7.441,12.161,0.000,13.450,1992217
coast128,zstd-1-w22,0,17909.0,2925.4,0.0,7.441,12.157,0.000,13.300,5137945
coast128,zstd-1-w23,0,17909.0,2925.4,0.0,7.441,12.264,0.000,13.420,9332249
coast128,zstd-1-w24,0,17909.0,2925.4,0.0,7.441,12.769,0.000,14.730,17720857
coast128,zstd1-w16,0,17909.0,2887.1,0.0,7.441,20.785,0.000,24.010,664889
coast128,zstd1-w18,0,17909.0,2913.8,0.0,7.441,18.853,0.000,20.610,1238553
coast128,zstd1-w20,0,17909.0,2913.8,0.0,7.441,18.261,0.000,19.710,2024985
coast128,zstd1-w22,0,17909.0,2913.8,0.0,7.441,17.975,0.000,19.210,5170713
coast128,zstd1-w23,0,17909.0,2913.8,0.0,7.441,17.934,0.000,19.140,9365017
coast128,zstd1-w24,0,17909.0,2913.8,0.0,7.441,18.473,0.000,20.080,17753625
coast128,zstd3-w16,0,17909.0,2911.7,0.0,7.441,27.485,0.000,31.730,1385785
coast128,zstd3-w18,0,17909.0,2912.4,0.0,7.441,39.100,0.000,42.271,1959449
coast128,zstd3-w20,0,17909.0,2912.5,0.0,7.441,36.320,0.000,42.260,2745881
coast128,zstd3-w22,0,17909.0,2912.5,0.0,7.441,34.791,0.000,39.140,5891609
coast128,zstd3-w23,0,17909.0,2912.5,0.0,7.441,31.509,0.000,35.140,10085913
coast128,zstd3-w24,0,17909.0,2912.5,0.0,7.441,32.189,0.000,37.620,18474521
coast128,zstd3-w23-ldm,0,17909.0,3063.7,0.0,7.441,59.650,0.000,64.140,10638873
coast128,zstd3-w24-ldm,0,17909.0,3059.1,0.0,7.441,60.526,0.000,64.501,19555865
coast128,zstd1-w16,1,17909.0,2887.1,0.0,7.441,20.546,0.000,23.830,664889
coast128,zstd1-w18,1,17909.0,2913.8,0.0,7.441,18.915,0.000,20.570,1238553
coast128,zstd1-w20,1,17909.0,2913.8,0.0,7.441,19.055,0.000,24.410,2024985
coast128,zstd1-w22,1,17909.0,2913.8,0.0,7.441,18.343,0.000,20.240,5170713
coast128,zstd1-w23,1,17909.0,2913.8,0.0,7.441,18.427,0.000,22.301,9365017
coast128,zstd1-w24,1,17909.0,2913.8,0.0,7.441,18.706,0.000,21.580,17753625
coast128,zstd3-w16,1,17909.0,2911.7,0.0,7.441,26.607,0.000,29.710,1385785
coast128,zstd3-w18,1,17909.0,2912.4,0.0,7.441,38.341,0.000,41.370,1959449
coast128,zstd3-w20,1,17909.0,2912.5,0.0,7.441,36.055,0.000,39.000,2745881
coast128,zstd3-w22,1,17909.0,2912.5,0.0,7.441,31.822,0.000,36.790,5891609
coast128,zstd3-w23,1,17909.0,2912.5,0.0,7.441,31.900,0.000,37.031,10085913
coast128,zstd3-w24,1,17909.0,2912.5,0.0,7.441,32.287,0.000,37.041,18474521
coast128,zstd3-w23-ldm,1,17909.0,3063.7,0.0,7.441,60.518,0.000,66.000,10638873
coast128,zstd3-w24-ldm,1,17909.0,3059.1,0.0,7.441,60.827,0.000,64.471,19555865
coast128,lz4-linked,1,17909.0,4402.5,0.0,7.441,10.787,0.000,13.040,0
coast128,zstd-1-w16,1,17909.0,2924.9,0.0,7.441,14.834,0.000,17.951,632121
coast128,zstd-1-w18,1,17909.0,2925.4,0.0,7.441,12.281,0.000,13.660,1205785
coast128,zstd-1-w20,1,17909.0,2925.4,0.0,7.441,12.233,0.000,13.500,1992217
coast128,zstd-1-w22,1,17909.0,2925.4,0.0,7.441,12.344,0.000,13.600,5137945
coast128,zstd-1-w23,1,17909.0,2925.4,0.0,7.441,12.422,0.000,13.840,9332249
coast128,zstd-1-w24,1,17909.0,2925.4,0.0,7.441,12.969,0.000,15.000,17720857
coast128,zstd3-w18,2,17909.0,2912.4,0.0,7.441,39.000,0.000,44.120,1959449
coast128,zstd3-w20,2,17909.0,2912.5,0.0,7.441,35.999,0.000,40.670,2745881
coast128,zstd3-w22,2,17909.0,2912.5,0.0,7.441,31.483,0.000,33.190,5891609
coast128,zstd3-w23,2,17909.0,2912.5,0.0,7.441,31.855,0.000,33.421,10085913
coast128,zstd3-w24,2,17909.0,2912.5,0.0,7.441,32.506,0.000,34.321,18474521
coast128,zstd3-w23-ldm,2,17909.0,3063.7,0.0,7.441,60.953,0.000,64.851,10638873
coast128,zstd3-w24-ldm,2,17909.0,3059.1,0.0,7.441,59.825,0.000,64.381,19555865
coast128,lz4-linked,2,17909.0,4402.5,0.0,7.441,10.163,0.000,11.850,0
coast128,zstd-1-w16,2,17909.0,2924.9,0.0,7.441,15.193,0.000,18.120,632121
coast128,zstd-1-w18,2,17909.0,2925.4,0.0,7.441,12.901,0.000,15.161,1205785
coast128,zstd-1-w20,2,17909.0,2925.4,0.0,7.441,12.443,0.000,13.770,1992217
coast128,zstd-1-w22,2,17909.0,2925.4,0.0,7.441,12.497,0.000,14.710,5137945
coast128,zstd-1-w23,2,17909.0,2925.4,0.0,7.441,12.290,0.000,13.550,9332249
coast128,zstd-1-w24,2,17909.0,2925.4,0.0,7.441,12.845,0.000,16.980,17720857
coast128,zstd1-w16,2,17909.0,2887.1,0.0,7.441,20.809,0.000,24.340,664889
coast128,zstd1-w18,2,17909.0,2913.8,0.0,7.441,19.174,0.000,21.161,1238553
coast128,zstd1-w20,2,17909.0,2913.8,0.0,7.441,18.706,0.000,21.490,2024985
coast128,zstd1-w22,2,17909.0,2913.8,0.0,7.441,18.402,0.000,20.550,5170713
coast128,zstd1-w23,2,17909.0,2913.8,0.0,7.441,18.206,0.000,19.720,9365017
coast128,zstd1-w24,2,17909.0,2913.8,0.0,7.441,19.299,0.000,24.861,17753625
coast128,zstd3-w16,2,17909.0,2911.7,0.0,7.441,26.969,0.000,30.350,1385785
coast1024,lz4-linked,0,141540.5,70308.5,0.0,44.831,147.271,0.000,158.081,0
coast1024,zstd-1-w16,0,141540.5,62890.8,0.0,44.831,135.398,0.000,145.641,632121
coast1024,zstd-1-w18,0,141540.5,23122.8,0.0,44.831,71.882,0.000,86.010,1205785
coast1024,zstd-1-w20,0,141540.5,23122.8,0.0,44.831,78.004,0.000,93.351,1992217
coast1024,zstd-1-w22,0,141540.5,23122.8,0.0,44.831,76.807,0.000,84.461,5137945
coast1024,zstd-1-w23,0,141540.5,23122.8,0.0,44.831,77.792,0.000,83.200,9332249
coast1024,zstd-1-w24,0,141540.5,23122.8,0.0,44.831,81.049,0.000,91.461,17720857
coast1024,zstd1-w16,0,141540.5,61879.9,0.0,44.831,185.690,0.000,203.641,664889
coast1024,zstd1-w18,0,141540.5,22554.3,0.0,44.831,103.714,0.000,123.761,1238553
coast1024,zstd1-w20,0,141540.5,22554.3,0.0,44.831,118.243,0.000,149.102,2024985
coast1024,zstd1-w22,0,141540.5,22554.3,0.0,44.831,105.071,0.000,113.291,5170713
coast1024,zstd1-w23,0,141540.5,22554.3,0.0,44.831,105.907,0.000,116.191,9365017
coast1024,zstd1-w24,0,141540.5,22554.3,0.0,44.831,107.396,0.000,116.001,17753625
coast1024,zstd3-w16,0,141540.5,62047.2,0.0,44.831,329.947,0.000,348.663,1385785
coast1024,zstd3-w18,0,141540.5,24091.6,0.0,44.831,229.996,0.000,312.373,1959449
coast1024,zstd3-w20,0,141540.5,22498.2,0.0,44.831,248.970,0.000,273.843,2745881
coast1024,zstd3-w22,0,141540.5,22498.7,0.0,44.831,222.072,0.000,243.752,5891609
coast1024,zstd3-w23,0,141540.5,22498.7,0.0,44.831,251.330,0.000,281.742,10085913
coast1024,zstd3-w24,0,141540.5,22498.7,0.0,44.831,233.712,0.000,247.703,18474521
coast1024,zstd3-w23-ldm,0,141540.5,23680.6,0.0,44.831,425.682,0.000,448.074,10638873
coast1024,zstd3-w24-ldm,0,141540.5,23695.8,0.0,44.831,459.182,0.000,481.414,19555865
coast1024,zstd1-w16,1,141540.5,61879.9,0.0,44.831,184.864,0.000,190.861,664889
coast1024,zstd1-w18,1,141540.5,22554.3,0.0,44.831,103.501,0.000,121.091,1238553
coast1024,zstd1-w20,1,141540.5,22554.3,0.0,44.831,105.592,0.000,114.781,2024985
coast1024,zstd1-w22,1,141540.5,22554.3,0.0,44.831,104.380,0.000,111.791,5170713
coast1024,zstd1-w23,1,141540.5,22554.3,0.0,44.831,104.857,0.000,111.711,9365017
coast1024,zstd1-w24,1,141540.5,22554.3,0.0,44.831,107.127,0.000,115.481,17753625
coast1024,zstd3-w16,1,141540.5,62047.2,0.0,44.831,344.463,0.000,366.724,1385785
coast1024,zstd3-w18,1,141540.5,24091.6,0.0,44.831,234.218,0.000,333.833,1959449
coast1024,zstd3-w20,1,141540.5,22498.2,0.0,44.831,245.046,0.000,274.453,2745881
coast1024,zstd3-w22,1,141540.5,22498.7,0.0,44.831,234.766,0.000,243.833,5891609
coast1024,zstd3-w23,1,141540.5,22498.7,0.0,44.831,234.563,0.000,248.122,10085913
coast1024,zstd3-w24,1,141540.5,22498.7,0.0,44.831,228.329,0.000,276.343,18474521
coast1024,zstd3-w23-ldm,1,141540.5,23680.6,0.0,44.831,424.647,0.000,445.764,10638873
coast1024,zstd3-w24-ldm,1,141540.5,23695.8,0.0,44.831,431.496,0.000,444.824,19555865
coast1024,lz4-linked,1,141540.5,70308.5,0.0,44.831,146.354,0.000,152.981,0
coast1024,zstd-1-w16,1,141540.5,62890.8,0.0,44.831,136.396,0.000,141.302,632121
coast1024,zstd-1-w18,1,141540.5,23122.8,0.0,44.831,71.301,0.000,82.701,1205785
coast1024,zstd-1-w20,1,141540.5,23122.8,0.0,44.831,75.418,0.000,83.711,1992217
coast1024,zstd-1-w22,1,141540.5,23122.8,0.0,44.831,76.467,0.000,80.501,5137945
coast1024,zstd-1-w23,1,141540.5,23122.8,0.0,44.831,79.441,0.000,87.841,9332249
coast1024,zstd-1-w24,1,141540.5,23122.8,0.0,44.831,80.877,0.000,87.970,17720857
coast1024,zstd3-w18,2,141540.5,24091.6,0.0,44.831,231.041,0.000,306.853,1959449
coast1024,zstd3-w20,2,141540.5,22498.2,0.0,44.831,242.609,0.000,259.023,2745881
coast1024,zstd3-w22,2,141540.5,22498.7,0.0,44.831,216.100,0.000,226.513,5891609
coast1024,zstd3-w23,2,141540.5,22498.7,0.0,44.831,220.596,0.000,242.173,10085913
coast1024,zstd3-w24,2,141540.5,22498.7,0.0,44.831,214.707,0.000,226.243,18474521
coast1024,zstd3-w23-ldm,2,141540.5,23680.6,0.0,44.831,431.213,0.000,480.075,10638873
coast1024,zstd3-w24-ldm,2,141540.5,23695.8,0.0,44.831,460.326,0.000,479.264,19555865
coast1024,lz4-linked,2,141540.5,70308.5,0.0,44.831,148.506,0.000,155.591,0
coast1024,zstd-1-w16,2,141540.5,62890.8,0.0,44.831,135.500,0.000,144.781,632121
coast1024,zstd-1-w18,2,141540.5,23122.8,0.0,44.831,71.884,0.000,84.281,1205785
coast1024,zstd-1-w20,2,141540.5,23122.8,0.0,44.831,74.995,0.000,83.061,1992217
coast1024,zstd-1-w22,2,141540.5,23122.8,0.0,44.831,75.827,0.000,83.031,5137945
coast1024,zstd-1-w23,2,141540.5,23122.8,0.0,44.831,78.953,0.000,87.801,9332249
coast1024,zstd-1-w24,2,141540.5,23122.8,0.0,44.831,81.567,0.000,90.251,17720857
coast1024,zstd1-w16,2,141540.5,61879.9,0.0,44.831,184.973,0.000,194.432,664889
coast1024,zstd1-w18,2,141540.5,22554.3,0.0,44.831,105.911,0.000,134.991,1238553
coast1024,zstd1-w20,2,141540.5,22554.3,0.0,44.831,102.916,0.000,112.651,2024985
coast1024,zstd1-w22,2,141540.5,22554.3,0.0,44.831,104.483,0.000,111.231,5170713
coast1024,zstd1-w23,2,141540.5,22554.3,0.0,44.831,108.412,0.000,126.461,9365017
coast1024,zstd1-w24,2,141540.5,22554.3,0.0,44.831,107.417,0.000,114.732,17753625
coast1024,zstd3-w16,2,141540.5,62047.2,0.0,44.831,332.229,0.000,355.473,1385785
battle1024,lz4-linked,0,141716.5,88310.0,0.0,44.451,174.815,0.000,184.791,0
battle1024,zstd-1-w16,0,141716.5,80691.5,0.0,44.451,159.641,0.000,167.322,632121
battle1024,zstd-1-w18,0,141716.5,53787.6,0.0,44.451,133.637,0.000,216.272,1205785
battle1024,zstd-1-w20,0,141716.5,53787.6,0.0,44.451,141.587,0.000,210.852,1992217
battle1024,zstd-1-w22,0,141716.5,53787.6,0.0,44.451,143.814,0.000,209.322,5137945
battle1024,zstd-1-w23,0,141716.5,53787.6,0.0,44.451,147.333,0.000,212.892,9332249
battle1024,zstd-1-w24,0,141716.5,53787.6,0.0,44.451,150.057,0.000,213.122,17720857
battle1024,zstd1-w16,0,141716.5,79503.3,0.0,44.451,222.772,0.000,232.732,664889
battle1024,zstd1-w18,0,141716.5,49435.8,0.0,44.451,164.946,0.000,187.282,1238553
battle1024,zstd1-w20,0,141716.5,49435.8,0.0,44.451,176.791,0.000,189.891,2024985
battle1024,zstd1-w22,0,141716.5,49435.8,0.0,44.451,178.309,0.000,190.582,5170713
battle1024,zstd1-w23,0,141716.5,49435.8,0.0,44.451,180.814,0.000,195.232,9365017
battle1024,zstd1-w24,0,141716.5,49435.8,0.0,44.451,181.380,0.000,191.802,17753625
battle1024,zstd3-w16,0,141716.5,79758.7,0.0,44.451,411.385,0.000,440.324,1385785
battle1024,zstd3-w18,0,141716.5,51036.7,0.0,44.451,470.562,0.000,633.736,1959449
battle1024,zstd3-w20,0,141716.5,49342.9,0.0,44.451,415.576,0.000,439.674,2745881
battle1024,zstd3-w22,0,141716.5,49345.3,0.0,44.451,395.486,0.000,417.354,5891609
battle1024,zstd3-w23,0,141716.5,49345.0,0.0,44.451,406.523,0.000,430.814,10085913
battle1024,zstd3-w24,0,141716.5,49345.0,0.0,44.451,403.150,0.000,421.754,18474521
battle1024,zstd3-w23-ldm,0,141716.5,50367.6,0.0,44.451,563.351,0.000,586.406,10638873
battle1024,zstd3-w24-ldm,0,141716.5,50392.5,0.0,44.451,574.184,0.000,608.026,19555865
battle1024,zstd1-w16,1,141716.5,79503.3,0.0,44.451,223.292,0.000,232.022,664889
battle1024,zstd1-w18,1,141716.5,49435.8,0.0,44.451,166.851,0.000,189.382,1238553
battle1024,zstd1-w20,1,141716.5,49435.8,0.0,44.451,175.148,0.000,187.662,2024985
battle1024,zstd1-w22,1,141716.5,49435.8,0.0,44.451,179.591,0.000,188.932,5170713
battle1024,zstd1-w23,1,141716.5,49435.8,0.0,44.451,176.750,0.000,185.741,9365017
battle1024,zstd1-w24,1,141716.5,49435.8,0.0,44.451,182.196,0.000,196.112,17753625
battle1024,zstd3-w16,1,141716.5,79758.7,0.0,44.451,412.830,0.000,437.804,1385785
battle1024,zstd3-w18,1,141716.5,51036.7,0.0,44.451,469.281,0.000,638.596,1959449
battle1024,zstd3-w20,1,141716.5,49342.9,0.0,44.451,419.678,0.000,457.234,2745881
battle1024,zstd3-w22,1,141716.5,49345.3,0.0,44.451,401.185,0.000,427.394,5891609
battle1024,zstd3-w23,1,141716.5,49345.0,0.0,44.451,402.668,0.000,427.354,10085913
battle1024,zstd3-w24,1,141716.5,49345.0,0.0,44.451,403.923,0.000,420.544,18474521
battle1024,zstd3-w23-ldm,1,141716.5,50367.6,0.0,44.451,574.251,0.000,603.026,10638873
battle1024,zstd3-w24-ldm,1,141716.5,50392.5,0.0,44.451,579.792,0.000,612.756,19555865
battle1024,lz4-linked,1,141716.5,88310.0,0.0,44.451,174.729,0.000,183.682,0
battle1024,zstd-1-w16,1,141716.5,80691.5,0.0,44.451,161.594,0.000,171.381,632121
battle1024,zstd-1-w18,1,141716.5,53787.6,0.0,44.451,133.712,0.000,188.762,1205785
battle1024,zstd-1-w20,1,141716.5,53787.6,0.0,44.451,144.156,0.000,211.892,1992217
battle1024,zstd-1-w22,1,141716.5,53787.6,0.0,44.451,146.021,0.000,210.822,5137945
battle1024,zstd-1-w23,1,141716.5,53787.6,0.0,44.451,147.047,0.000,212.162,9332249
battle1024,zstd-1-w24,1,141716.5,53787.6,0.0,44.451,149.046,0.000,214.362,17720857
battle1024,zstd3-w18,2,141716.5,51036.7,0.0,44.451,471.147,0.000,639.936,1959449
battle1024,zstd3-w20,2,141716.5,49342.9,0.0,44.451,418.556,0.000,445.825,2745881
battle1024,zstd3-w22,2,141716.5,49345.3,0.0,44.451,406.693,0.000,438.515,5891609
battle1024,zstd3-w23,2,141716.5,49345.0,0.0,44.451,399.872,0.000,416.464,10085913
battle1024,zstd3-w24,2,141716.5,49345.0,0.0,44.451,403.315,0.000,422.204,18474521
battle1024,zstd3-w23-ldm,2,141716.5,50367.6,0.0,44.451,590.174,0.000,676.226,10638873
battle1024,zstd3-w24-ldm,2,141716.5,50392.5,0.0,44.451,570.489,0.000,599.726,19555865
battle1024,lz4-linked,2,141716.5,88310.0,0.0,44.451,174.684,0.000,185.592,0
battle1024,zstd-1-w16,2,141716.5,80691.5,0.0,44.451,161.185,0.000,166.432,632121
battle1024,zstd-1-w18,2,141716.5,53787.6,0.0,44.451,132.531,0.000,186.132,1205785
battle1024,zstd-1-w20,2,141716.5,53787.6,0.0,44.451,141.497,0.000,210.082,1992217
battle1024,zstd-1-w22,2,141716.5,53787.6,0.0,44.451,144.071,0.000,210.702,5137945
battle1024,zstd-1-w23,2,141716.5,53787.6,0.0,44.451,148.365,0.000,213.492,9332249
battle1024,zstd-1-w24,2,141716.5,53787.6,0.0,44.451,149.353,0.000,214.312,17720857
battle1024,zstd1-w16,2,141716.5,79503.3,0.0,44.451,224.599,0.000,236.322,664889
battle1024,zstd1-w18,2,141716.5,49435.8,0.0,44.451,166.193,0.000,188.361,1238553
battle1024,zstd1-w20,2,141716.5,49435.8,0.0,44.451,174.308,0.000,186.362,2024985
battle1024,zstd1-w22,2,141716.5,49435.8,0.0,44.451,176.908,0.000,188.802,5170713
battle1024,zstd1-w23,2,141716.5,49435.8,0.0,44.451,180.097,0.000,190.602,9365017
battle1024,zstd1-w24,2,141716.5,49435.8,0.0,44.451,180.940,0.000,189.132,17753625
battle1024,zstd3-w16,2,141716.5,79758.7,0.0,44.451,412.460,0.000,442.304,1385785
battle8192,lz4-linked,0,1130899.9,704632.4,0.0,295.015,1395.616,0.000,1430.624,0
battle8192,zstd-1-w16,0,1130899.9,642294.3,0.0,295.015,1270.211,0.000,1308.442,1549625
battle8192,zstd-1-w18,0,1130899.9,643894.8,0.0,295.015,1412.618,0.000,1449.593,2123289
battle8192,zstd-1-w20,0,1130899.9,643894.4,0.0,295.015,1552.586,0.000,1600.545,2909721
battle8192,zstd-1-w22,0,1130899.9,643894.5,0.0,295.015,1641.563,0.000,1695.016,6055449
battle8192,zstd-1-w23,0,1130899.9,643894.4,0.0,295.015,1663.758,0.000,1724.846,10249753
battle8192,zstd-1-w24,0,1130899.9,643894.4,0.0,295.015,1673.391,0.000,1714.426,18638361
battle8192,zstd1-w16,0,1130899.9,633671.9,0.0,295.015,1703.431,0.000,1737.306,1582393
battle8192,zstd1-w18,0,1130899.9,636270.8,0.0,295.015,1906.914,0.000,1949.438,2156057
battle8192,zstd1-w20,0,1130899.9,636278.1,0.0,295.015,2041.444,0.000,2082.689,2942489
battle8192,zstd1-w22,0,1130899.9,636278.1,0.0,295.015,2073.267,0.000,2145.540,6088217
battle8192,zstd1-w23,0,1130899.9,636278.1,0.0,295.015,2108.797,0.000,2197.431,10282521
battle8192,zstd1-w24,0,1130899.9,636278.1,0.0,295.015,2123.586,0.000,2217.420,18671129
battle8192,zstd3-w16,0,1130899.9,635900.1,0.0,295.015,3131.339,0.000,3235.770,2303289
battle8192,zstd3-w18,0,1130899.9,640387.5,0.0,295.015,4846.454,0.000,4991.857,2876953
battle8192,zstd3-w20,0,1130899.9,641990.4,0.0,295.015,4931.512,0.000,5035.737,3663385
battle8192,zstd3-w22,0,1130899.9,395187.3,0.0,295.015,3199.496,0.000,3324.361,6809113
battle8192,zstd3-w23,0,1130899.9,395194.4,0.0,295.015,3099.274,0.000,3230.140,11003417
battle8192,zstd3-w24,0,1130899.9,395187.0,0.0,295.015,3205.716,0.000,3351.742,19392025
battle8192,zstd3-w23-ldm,0,1130899.9,402032.8,0.0,295.015,4265.077,0.000,4477.053,11556377
battle8192,zstd3-w24-ldm,0,1130899.9,402815.0,0.0,295.015,4676.365,0.000,5578.103,20473369
battle8192,zstd1-w16,1,1130899.9,633671.9,0.0,295.015,1700.138,0.000,1756.727,1582393
battle8192,zstd1-w18,1,1130899.9,636270.8,0.0,295.015,1917.740,0.000,2006.569,2156057
battle8192,zstd1-w20,1,1130899.9,636278.1,0.0,295.015,2042.949,0.000,2077.249,2942489
battle8192,zstd1-w22,1,1130899.9,636278.1,0.0,295.015,2102.692,0.000,2180.461,6088217
battle8192,zstd1-w23,1,1130899.9,636278.1,0.0,295.015,2120.734,0.000,2184.180,10282521
battle8192,zstd1-w24,1,1130899.9,636278.1,0.0,295.015,2118.440,0.000,2157.750,18671129
battle8192,zstd3-w16,1,1130899.9,635900.1,0.0,295.015,3124.730,0.000,3194.790,2303289
battle8192,zstd3-w18,1,1130899.9,640387.5,0.0,295.015,4934.986,0.000,5248.159,2876953
battle8192,zstd3-w20,1,1130899.9,641990.4,0.0,295.015,4916.458,0.000,4992.537,3663385
battle8192,zstd3-w22,1,1130899.9,395187.3,0.0,295.015,3186.585,0.000,3292.630,6809113
battle8192,zstd3-w23,1,1130899.9,395194.4,0.0,295.015,3171.648,0.000,3317.581,11003417
battle8192,zstd3-w24,1,1130899.9,395187.0,0.0,295.015,3144.045,0.000,3236.920,19392025
battle8192,zstd3-w23-ldm,1,1130899.9,402032.8,0.0,295.015,4247.513,0.000,4350.471,11556377
battle8192,zstd3-w24-ldm,1,1130899.9,402815.0,0.0,295.015,4442.338,0.000,4582.283,20473369
battle8192,lz4-linked,1,1130899.9,704632.4,0.0,295.015,1437.827,0.000,1563.775,0
battle8192,zstd-1-w16,1,1130899.9,642294.3,0.0,295.015,1291.195,0.000,1315.322,1549625
battle8192,zstd-1-w18,1,1130899.9,643894.8,0.0,295.015,1444.754,0.000,1526.904,2123289
battle8192,zstd-1-w20,1,1130899.9,643894.4,0.0,295.015,1570.988,0.000,1629.525,2909721
battle8192,zstd-1-w22,1,1130899.9,643894.5,0.0,295.015,1622.395,0.000,1672.036,6055449
battle8192,zstd-1-w23,1,1130899.9,643894.4,0.0,295.015,1657.348,0.000,1699.856,10249753
battle8192,zstd-1-w24,1,1130899.9,643894.4,0.0,295.015,1678.920,0.000,1800.977,18638361
battle8192,zstd3-w18,2,1130899.9,640387.5,0.0,295.015,4851.407,0.000,4956.586,2876953
battle8192,zstd3-w20,2,1130899.9,641990.4,0.0,295.015,4948.554,0.000,5052.568,3663385
battle8192,zstd3-w22,2,1130899.9,395187.3,0.0,295.015,3190.832,0.000,3279.290,6809113
battle8192,zstd3-w23,2,1130899.9,395194.4,0.0,295.015,3156.192,0.000,3248.050,11003417
battle8192,zstd3-w24,2,1130899.9,395187.0,0.0,295.015,3174.967,0.000,3290.591,19392025
battle8192,zstd3-w23-ldm,2,1130899.9,402032.8,0.0,295.015,4472.292,0.000,4671.974,11556377
battle8192,zstd3-w24-ldm,2,1130899.9,402815.0,0.0,295.015,4387.462,0.000,4468.042,20473369
battle8192,lz4-linked,2,1130899.9,704632.4,0.0,295.015,1393.406,0.000,1420.334,0
battle8192,zstd-1-w16,2,1130899.9,642294.3,0.0,295.015,1270.760,0.000,1299.762,1549625
battle8192,zstd-1-w18,2,1130899.9,643894.8,0.0,295.015,1405.481,0.000,1431.913,2123289
battle8192,zstd-1-w20,2,1130899.9,643894.4,0.0,295.015,1556.210,0.000,1598.375,2909721
battle8192,zstd-1-w22,2,1130899.9,643894.5,0.0,295.015,1631.701,0.000,1675.256,6055449
battle8192,zstd-1-w23,2,1130899.9,643894.4,0.0,295.015,1653.866,0.000,1722.786,10249753
battle8192,zstd-1-w24,2,1130899.9,643894.4,0.0,295.015,1655.028,0.000,1681.816,18638361
battle8192,zstd1-w16,2,1130899.9,633671.9,0.0,295.015,1710.077,0.000,1739.677,1582393
battle8192,zstd1-w18,2,1130899.9,636270.8,0.0,295.015,1894.952,0.000,1932.578,2156057
battle8192,zstd1-w20,2,1130899.9,636278.1,0.0,295.015,2041.406,0.000,2065.140,2942489
battle8192,zstd1-w22,2,1130899.9,636278.1,0.0,295.015,2090.060,0.000,2128.910,6088217
battle8192,zstd1-w23,2,1130899.9,636278.1,0.0,295.015,2100.918,0.000,2142.670,10282521
battle8192,zstd1-w24,2,1130899.9,636278.1,0.0,295.015,2117.619,0.000,2152.561,18671129
battle8192,zstd3-w16,2,1130899.9,635900.1,0.0,295.015,3105.368,0.000,3167.720,2303289
battle1024-assets,lz4-linked,0,141716.5,88315.1,26216.0,44.771,174.378,6.117,183.852,0
battle1024-assets,zstd-1-w16,0,141716.5,80691.5,26215.6,44.771,160.471,3.543,165.562,1025337
battle1024-assets,zstd-1-w18,0,141716.5,55606.2,26215.0,44.771,140.170,3.827,247.932,1599001
battle1024-assets,zstd-1-w20,0,141716.5,53818.5,26215.0,44.771,143.531,4.048,209.952,2385433
battle1024-assets,zstd-1-w22,0,141716.5,53818.5,26215.0,44.771,145.997,4.111,211.192,5531161
battle1024-assets,zstd-1-w23,0,141716.5,53818.5,26215.0,44.771,147.481,4.376,212.222,9725465
battle1024-assets,zstd-1-w24,0,141716.5,53818.5,26215.0,44.771,148.894,4.590,214.682,18114073
battle1024-assets,zstd1-w16,0,141716.5,79503.3,26215.6,44.771,220.727,4.629,230.122,1058105
battle1024-assets,zstd1-w18,0,141716.5,52378.4,26215.0,44.771,180.494,4.317,337.164,1631769
battle1024-assets,zstd1-w20,0,141716.5,49447.3,26215.0,44.771,175.957,4.513,190.702,2418201
battle1024-assets,zstd1-w22,0,141716.5,49447.3,26215.0,44.771,177.530,4.509,189.852,5563929
battle1024-assets,zstd1-w23,0,141716.5,49447.3,26215.0,44.771,177.590,4.821,189.042,9758233
battle1024-assets,zstd1-w24,0,141716.5,49447.3,26215.0,44.771,184.091,5.799,199.132,18146841
battle1024-assets,zstd3-w16,0,141716.5,79758.7,26215.6,44.771,411.071,5.879,435.414,1779001
battle1024-assets,zstd3-w18,0,141716.5,53848.3,26215.6,44.771,488.213,8.228,829.358,2352665
battle1024-assets,zstd3-w20,0,141716.5,49345.0,26215.6,44.771,427.356,7.647,453.534,3139097
battle1024-assets,zstd3-w22,0,141716.5,49346.7,26215.6,44.771,416.376,7.769,435.214,6284825
battle1024-assets,zstd3-w23,0,141716.5,49346.7,26215.6,44.771,400.884,7.752,417.154,10479129
battle1024-assets,zstd3-w24,0,141716.5,49346.7,26215.6,44.771,400.768,7.827,416.464,18867737
battle1024-assets,zstd3-w23-ldm,0,141716.5,50371.4,26215.6,44.771,568.020,19.054,582.616,11032089
battle1024-assets,zstd3-w24-ldm,0,141716.5,50398.2,26215.6,44.771,579.135,19.294,632.406,19949081
battle1024-assets,zstd1-w16,1,141716.5,79503.3,26215.6,44.771,225.308,4.929,236.442,1058105
battle1024-assets,zstd1-w18,1,141716.5,52378.4,26215.0,44.771,187.668,4.561,341.493,1631769
battle1024-assets,zstd1-w20,1,141716.5,49447.3,26215.0,44.771,182.587,4.798,211.793,2418201
battle1024-assets,zstd1-w22,1,141716.5,49447.3,26215.0,44.771,183.100,4.565,230.622,5563929
battle1024-assets,zstd1-w23,1,141716.5,49447.3,26215.0,44.771,180.807,4.853,193.822,9758233
battle1024-assets,zstd1-w24,1,141716.5,49447.3,26215.0,44.771,180.585,5.231,192.792,18146841
battle1024-assets,zstd3-w16,1,141716.5,79758.7,26215.6,44.771,413.870,5.805,445.494,1779001
battle1024-assets,zstd3-w18,1,141716.5,53848.3,26215.6,44.771,493.369,8.496,834.707,2352665
battle1024-assets,zstd3-w20,1,141716.5,49345.0,26215.6,44.771,439.698,8.237,479.275,3139097
battle1024-assets,zstd3-w22,1,141716.5,49346.7,26215.6,44.771,424.322,7.843,462.164,6284825
battle1024-assets,zstd3-w23,1,141716.5,49346.7,26215.6,44.771,408.293,8.189,444.984,10479129
battle1024-assets,zstd3-w24,1,141716.5,49346.7,26215.6,44.771,431.906,8.336,583.656,18867737
battle1024-assets,zstd3-w23-ldm,1,141716.5,50371.4,26215.6,44.771,581.475,19.181,630.016,11032089
battle1024-assets,zstd3-w24-ldm,1,141716.5,50398.2,26215.6,44.771,580.610,19.778,609.236,19949081
battle1024-assets,lz4-linked,1,141716.5,88315.1,26216.0,44.771,174.975,6.137,184.091,0
battle1024-assets,zstd-1-w16,1,141716.5,80691.5,26215.6,44.771,164.102,3.551,205.402,1025337
battle1024-assets,zstd-1-w18,1,141716.5,55606.2,26215.0,44.771,143.106,3.832,248.152,1599001
battle1024-assets,zstd-1-w20,1,141716.5,53818.5,26215.0,44.771,143.481,4.126,213.422,2385433
battle1024-assets,zstd-1-w22,1,141716.5,53818.5,26215.0,44.771,148.278,4.119,213.052,5531161
battle1024-assets,zstd-1-w23,1,141716.5,53818.5,26215.0,44.771,150.809,4.500,213.822,9725465
battle1024-assets,zstd-1-w24,1,141716.5,53818.5,26215.0,44.771,150.747,4.611,213.832,18114073
battle1024-assets,zstd3-w18,2,141716.5,53848.3,26215.6,44.771,487.929,8.210,825.327,2352665
battle1024-assets,zstd3-w20,2,141716.5,49345.0,26215.6,44.771,429.262,7.844,462.625,3139097
battle1024-assets,zstd3-w22,2,141716.5,49346.7,26215.6,44.771,420.839,7.796,468.354,6284825
battle1024-assets,zstd3-w23,2,141716.5,49346.7,26215.6,44.771,405.894,7.740,458.314,10479129
battle1024-assets,zstd3-w24,2,141716.5,49346.7,26215.6,44.771,422.876,8.186,463.565,18867737
battle1024-assets,zstd3-w23-ldm,2,141716.5,50371.4,26215.6,44.771,583.398,20.224,644.056,11032089
battle1024-assets,zstd3-w24-ldm,2,141716.5,50398.2,26215.6,44.771,573.759,19.225,598.235,19949081
battle1024-assets,lz4-linked,2,141716.5,88315.1,26216.0,44.771,174.686,6.124,185.032,0
battle1024-assets,zstd-1-w16,2,141716.5,80691.5,26215.6,44.771,162.914,3.527,169.242,1025337
battle1024-assets,zstd-1-w18,2,141716.5,55606.2,26215.0,44.771,140.919,3.900,248.863,1599001
battle1024-assets,zstd-1-w20,2,141716.5,53818.5,26215.0,44.771,143.199,4.062,209.902,2385433
battle1024-assets,zstd-1-w22,2,141716.5,53818.5,26215.0,44.771,146.246,4.089,210.272,5531161
battle1024-assets,zstd-1-w23,2,141716.5,53818.5,26215.0,44.771,148.599,4.421,213.532,9725465
battle1024-assets,zstd-1-w24,2,141716.5,53818.5,26215.0,44.771,149.292,4.632,212.552,18114073
battle1024-assets,zstd1-w16,2,141716.5,79503.3,26215.6,44.771,222.371,4.715,233.362,1058105
battle1024-assets,zstd1-w18,2,141716.5,52378.4,26215.0,44.771,182.026,4.405,336.283,1631769
battle1024-assets,zstd1-w20,2,141716.5,49447.3,26215.0,44.771,176.684,4.515,189.781,2418201
battle1024-assets,zstd1-w22,2,141716.5,49447.3,26215.0,44.771,178.645,4.549,191.492,5563929
battle1024-assets,zstd1-w23,2,141716.5,49447.3,26215.0,44.771,179.288,4.937,191.072,9758233
battle1024-assets,zstd1-w24,2,141716.5,49447.3,26215.0,44.771,181.383,5.056,192.132,18146841
battle1024-assets,zstd3-w16,2,141716.5,79758.7,26215.6,44.771,413.930,5.798,444.305,1779001
coast128,zstd-1-w21,0,17909.0,2925.4,0.0,7.561,12.842,0.000,15.931,3040793
coast128,zstd1-w21,0,17909.0,2913.8,0.0,7.561,18.783,0.000,20.250,3073561
coast128,zstd3-w21,0,17909.0,2912.5,0.0,7.561,33.651,0.000,35.830,3794457
coast128,zstd1-w21,1,17909.0,2913.8,0.0,7.561,19.813,0.000,21.370,3073561
coast128,zstd3-w21,1,17909.0,2912.5,0.0,7.561,34.454,0.000,40.141,3794457
coast128,zstd-1-w21,1,17909.0,2925.4,0.0,7.561,12.641,0.000,14.270,3040793
coast128,zstd3-w21,2,17909.0,2912.5,0.0,7.561,34.181,0.000,37.050,3794457
coast128,zstd-1-w21,2,17909.0,2925.4,0.0,7.561,12.799,0.000,16.180,3040793
coast128,zstd1-w21,2,17909.0,2913.8,0.0,7.561,19.487,0.000,23.980,3073561
coast1024,zstd-1-w21,0,141540.5,23122.8,0.0,46.560,79.123,0.000,93.361,3040793
coast1024,zstd1-w21,0,141540.5,22554.3,0.0,46.560,106.412,0.000,118.281,3073561
coast1024,zstd3-w21,0,141540.5,22498.7,0.0,46.560,225.820,0.000,260.073,3794457
coast1024,zstd1-w21,1,141540.5,22554.3,0.0,46.560,105.642,0.000,115.561,3073561
coast1024,zstd3-w21,1,141540.5,22498.7,0.0,46.560,223.583,0.000,242.502,3794457
coast1024,zstd-1-w21,1,141540.5,23122.8,0.0,46.560,78.169,0.000,85.931,3040793
coast1024,zstd3-w21,2,141540.5,22498.7,0.0,46.560,223.803,0.000,249.263,3794457
coast1024,zstd-1-w21,2,141540.5,23122.8,0.0,46.560,78.896,0.000,91.051,3040793
coast1024,zstd1-w21,2,141540.5,22554.3,0.0,46.560,106.854,0.000,115.321,3073561
battle1024,zstd-1-w21,0,141716.5,53787.6,0.0,48.178,148.927,0.000,214.642,3040793
battle1024,zstd1-w21,0,141716.5,49435.8,0.0,48.178,182.469,0.000,206.151,3073561
battle1024,zstd3-w21,0,141716.5,49345.2,0.0,48.178,446.372,0.000,635.046,3794457
battle1024,zstd1-w21,1,141716.5,49435.8,0.0,48.178,182.481,0.000,199.552,3073561
battle1024,zstd3-w21,1,141716.5,49345.2,0.0,48.178,440.346,0.000,506.794,3794457
battle1024,zstd-1-w21,1,141716.5,53787.6,0.0,48.178,148.273,0.000,215.882,3040793
battle1024,zstd3-w21,2,141716.5,49345.2,0.0,48.178,421.300,0.000,457.025,3794457
battle1024,zstd-1-w21,2,141716.5,53787.6,0.0,48.178,148.802,0.000,218.412,3040793
battle1024,zstd1-w21,2,141716.5,49435.8,0.0,48.178,182.213,0.000,207.402,3073561
battle8192,zstd-1-w21,0,1130899.9,643894.5,0.0,302.442,1744.598,0.000,2048.659,3958297
battle8192,zstd1-w21,0,1130899.9,636278.1,0.0,302.442,2164.640,0.000,2244.581,3991065
battle8192,zstd3-w21,0,1130899.9,395210.6,0.0,302.442,3681.480,0.000,3892.537,4711961
battle8192,zstd1-w21,1,1130899.9,636278.1,0.0,302.442,2158.870,0.000,2267.031,3991065
battle8192,zstd3-w21,1,1130899.9,395210.6,0.0,302.442,3774.751,0.000,4185.899,4711961
battle8192,zstd-1-w21,1,1130899.9,643894.5,0.0,302.442,1756.593,0.000,2070.409,3958297
battle8192,zstd3-w21,2,1130899.9,395210.6,0.0,302.442,3945.384,0.000,5312.540,4711961
battle8192,zstd-1-w21,2,1130899.9,643894.5,0.0,302.442,1702.639,0.000,1900.018,3958297
battle8192,zstd1-w21,2,1130899.9,636278.1,0.0,302.442,2323.426,0.000,3334.071,3991065
battle1024-assets,zstd-1-w21,0,141716.5,53818.5,26215.0,40.650,160.245,5.262,230.142,3434009
battle1024-assets,zstd1-w21,0,141716.5,49447.3,26215.0,40.650,187.950,5.189,237.552,3466777
battle1024-assets,zstd3-w21,0,141716.5,49346.2,26215.6,40.650,471.867,9.318,562.655,4187673
battle1024-assets,zstd1-w21,1,141716.5,49447.3,26215.0,40.650,185.130,5.453,231.322,3466777
battle1024-assets,zstd3-w21,1,141716.5,49346.2,26215.6,40.650,437.677,8.622,487.655,4187673
battle1024-assets,zstd-1-w21,1,141716.5,53818.5,26215.0,40.650,167.360,4.763,262.382,3434009
battle1024-assets,zstd3-w21,2,141716.5,49346.2,26215.6,40.650,466.453,9.438,514.634,4187673
battle1024-assets,zstd-1-w21,2,141716.5,53818.5,26215.0,40.650,147.137,4.254,211.112,3434009
battle1024-assets,zstd1-w21,2,141716.5,49447.3,26215.0,40.650,180.663,4.969,203.212,3466777
battle8192,zstd-1-w21,3,1130899.9,643894.5,0.0,352.489,1811.385,0.000,2460.073,3958297
battle8192,zstd-1-w22,3,1130899.9,643894.5,0.0,352.489,1842.914,0.000,2619.895,6055449
battle8192,zstd1-w21,3,1130899.9,636278.1,0.0,352.489,2332.681,0.000,3234.541,3991065
battle8192,zstd1-w22,3,1130899.9,636278.1,0.0,352.489,2287.064,0.000,2595.294,6088217
battle8192,zstd3-w21,3,1130899.9,395210.6,0.0,352.489,3655.961,0.000,4000.597,4711961
battle8192,zstd3-w22,3,1130899.9,395187.3,0.0,352.489,3679.763,0.000,3962.957,6809113
battle8192,zstd-1-w22,4,1130899.9,643894.5,0.0,352.489,1728.275,0.000,1947.278,6055449
battle8192,zstd1-w21,4,1130899.9,636278.1,0.0,352.489,2270.888,0.000,2622.964,3991065
battle8192,zstd1-w22,4,1130899.9,636278.1,0.0,352.489,2258.576,0.000,2514.483,6088217
battle8192,zstd3-w21,4,1130899.9,395210.6,0.0,352.489,3848.175,0.000,5819.005,4711961
battle8192,zstd3-w22,4,1130899.9,395187.3,0.0,352.489,3815.952,0.000,4341.081,6809113
battle8192,zstd-1-w21,4,1130899.9,643894.5,0.0,352.489,1713.433,0.000,1965.188,3958297
battle8192,zstd1-w21,5,1130899.9,636278.1,0.0,352.489,2474.377,0.000,3507.552,3991065
battle8192,zstd1-w22,5,1130899.9,636278.1,0.0,352.489,2208.190,0.000,2358.112,6088217
battle8192,zstd3-w21,5,1130899.9,395210.6,0.0,352.489,3595.511,0.000,3773.656,4711961
battle8192,zstd3-w22,5,1130899.9,395187.3,0.0,352.489,3745.734,0.000,4037.307,6809113
battle8192,zstd-1-w21,5,1130899.9,643894.5,0.0,352.489,1688.300,0.000,1809.477,3958297
battle8192,zstd-1-w22,5,1130899.9,643894.5,0.0,352.489,1937.709,0.000,3002.858,6055449
